{"stats":{"minecraft:picked_up":{"minecraft:oak_log":2,"minecraft:dirt":2},"minecraft:custom":{"minecraft:jump":28,"minecraft:time_since_rest":2106,"minecraft:crouch_one_cm":17,"minecraft:leave_game":2,"minecraft:play_time":2106,"minecraft:sprint_one_cm":4293,"minecraft:time_since_death":2106,"minecraft:walk_one_cm":1879,"minecraft:sneak_time":26,"minecraft:total_world_time":2106,"minecraft:fly_one_cm":5924},"minecraft:used":{"minecraft:oak_log":2,"minecraft:dirt":2},"minecraft:mined":{"minecraft:grass":2,"minecraft:grass_block":2,"minecraft:oak_log":2}},"DataVersion":3120}