{"stats":{"minecraft:mined":{"minecraft:oak_log":3},"minecraft:custom":{"minecraft:jump":8,"minecraft:time_since_rest":1203,"minecraft:leave_game":1,"minecraft:sprint_one_cm":1113,"minecraft:play_time":1203,"minecraft:damage_taken":10,"minecraft:time_since_death":1203,"minecraft:walk_one_cm":1073,"minecraft:sneak_time":29,"minecraft:total_world_time":1203,"minecraft:fall_one_cm":335,"minecraft:fly_one_cm":621},"minecraft:picked_up":{"minecraft:oak_log":3},"minecraft:used":{"minecraft:oak_log":3}},"DataVersion":3120}